TC,DependsOn
TC0000,TC0001
TC0000,TC0002
TC0001,TC0002
TC0018,TC0019
TC0018,TC0020
TC0018,TC0021
TC0019,TC0020
TC0019,TC0021
TC0020,TC0021
TC0024,TC0025
TC0044,TC0045
TC0046,TC0050
TC0053,TC0054
TC0059,TC0062
TC0060,TC0062
TC0061,TC0062
TC0069,TC0070
TC0073,TC0074
TC0089,TC0090
TC0110,TC0111
TC0110,TC0119
TC0110,TC0120
TC0110,TC0121
TC0111,TC0113
TC0111,TC0115
TC0113,TC0114
TC0113,TC0115
TC0113,TC0116
TC0114,TC0115
TC0114,TC0116
TC0115,TC0116
TC0119,TC0120
TC0119,TC0121
TC0120,TC0121
TC0125,TC0127
TC0141,TC0142
TC0148,TC0149
TC0153,TC0154
TC0159,TC0160
TC0167,TC0168
TC0167,TC0169
TC0167,TC0170
TC0167,TC0181
TC0168,TC0169
TC0168,TC0170
TC0168,TC0181
TC0169,TC0170
TC0169,TC0181
TC0170,TC0181
TC0171,TC0182
TC0172,TC0183
TC0184,TC0186
TC0184,TC0187
TC0184,TC0188
TC0184,TC0189
TC0184,TC0191
TC0184,TC0199
TC0186,TC0187
TC0186,TC0189
TC0186,TC0191
TC0186,TC0199
TC0187,TC0189
TC0187,TC0191
TC0187,TC0199
TC0189,TC0191
TC0189,TC0199
TC0191,TC0199
TC0216,TC0217
TC0216,TC0218
TC0216,TC0219
TC0217,TC0218
TC0217,TC0219
TC0218,TC0219
TC0219,TC0220
TC0222,TC0223
TC0236,TC0237
TC0240,TC0608
TC0242,TC0248
TC0243,TC0244
TC0243,TC0245
TC0244,TC0245
TC0244,TC0247
TC0249,TC0250
TC0252,TC0253
TC0252,TC0256
TC0253,TC0256
TC0256,TC0281
TC0260,TC0261
TC0265,TC0266
TC0265,TC0267
TC0267,TC0268
TC0267,TC0269
TC0268,TC0269
TC0270,TC0271
TC0272,TC0273
TC0275,TC0276
TC0285,TC0286
TC0301,TC0302
TC0301,TC0306
TC0302,TC0306
TC0308,TC0311
TC0309,TC0310
TC0309,TC0311
TC0326,TC0327
TC0328,TC0329
TC0346,TC0347
TC0355,TC0356
TC0355,TC0357
TC0355,TC0360
TC0355,TC0362
TC0356,TC0357
TC0356,TC0360
TC0356,TC0362
TC0357,TC0360
TC0360,TC0362
TC0360,TC0370
TC0362,TC0370
TC0375,TC0378
TC0375,TC0999
TC0375,TC1003
TC0378,TC0460
TC0378,TC0999
TC0378,TC1003
TC0381,TC0382
TC0381,TC0383
TC0382,TC0383
TC0390,TC0392
TC0393,TC0396
TC0393,TC1020
TC0393,TC1026
TC0396,TC1006
TC0396,TC1020
TC0396,TC1024
TC0396,TC1026
TC0398,TC0400
TC0402,TC0403
TC0407,TC1036
TC0426,TC0427
TC0430,TC0431
TC0430,TC0432
TC0431,TC0432
TC0433,TC0434
TC0437,TC0438
TC0437,TC0439
TC0438,TC0439
TC0441,TC0454
TC0441,TC0456
TC0441,TC0457
TC0441,TC0460
TC0441,TC0467
TC0441,TC0468
TC0441,TC0469
TC0441,TC0470
TC0442,TC0443
TC0444,TC0458
TC0445,TC0468
TC0445,TC0470
TC0447,TC0468
TC0454,TC1121
TC0454,TC1134
TC0456,TC0457
TC0456,TC0459
TC0456,TC0460
TC0456,TC0464
TC0456,TC0465
TC0456,TC0466
TC0456,TC0467
TC0456,TC1121
TC0456,TC1129
TC0456,TC1134
TC0456,TC1148
TC0456,TC1149
TC0456,TC1150
TC0457,TC0459
TC0457,TC0460
TC0457,TC0464
TC0457,TC0465
TC0457,TC0466
TC0457,TC0467
TC0458,TC0461
TC0458,TC0465
TC0458,TC0466
TC0458,TC0467
TC0458,TC0468
TC0458,TC0470
TC0458,TC0471
TC0458,TC0472
TC0458,TC0473
TC0458,TC1127
TC0459,TC0460
TC0459,TC0464
TC0459,TC0465
TC0459,TC0466
TC0459,TC0467
TC0460,TC0464
TC0460,TC0465
TC0460,TC0466
TC0460,TC0467
TC0460,TC1131
TC0460,TC1145
TC0460,TC1146
TC0460,TC1149
TC0461,TC0465
TC0461,TC0466
TC0461,TC0467
TC0461,TC0468
TC0461,TC0470
TC0461,TC0471
TC0461,TC0472
TC0461,TC0473
TC0461,TC1127
TC0464,TC0465
TC0464,TC0466
TC0464,TC0467
TC0465,TC0466
TC0465,TC0467
TC0465,TC1127
TC0466,TC0467
TC0466,TC0468
TC0466,TC0470
TC0466,TC0471
TC0466,TC0472
TC0466,TC0473
TC0467,TC0468
TC0467,TC0470
TC0467,TC0471
TC0467,TC0472
TC0467,TC0473
TC0468,TC0469
TC0468,TC0470
TC0468,TC0471
TC0468,TC0472
TC0468,TC0473
TC0469,TC0470
TC0470,TC0471
TC0470,TC0472
TC0470,TC0473
TC0471,TC0472
TC0471,TC0473
TC0472,TC0473
TC0475,TC0476
TC0475,TC0478
TC0476,TC0477
TC0504,TC0507
TC0507,TC0528
TC0509,TC0528
TC0512,TC0516
TC0518,TC0519
TC0518,TC0526
TC0519,TC0526
TC0520,TC0521
TC0520,TC0522
TC0520,TC0523
TC0520,TC0524
TC0520,TC0525
TC0521,TC0522
TC0521,TC0523
TC0521,TC0524
TC0521,TC0525
TC0522,TC0523
TC0522,TC0524
TC0522,TC0525
TC0523,TC0524
TC0523,TC0525
TC0524,TC0525
TC0530,TC0531
TC0533,TC0534
TC0533,TC0535
TC0534,TC0535
TC0552,TC0553
TC0552,TC0554
TC0553,TC0554
TC0556,TC0558
TC0556,TC0559
TC0558,TC0559
TC0558,TC0565
TC0566,TC0568
TC0569,TC0577
TC0569,TC0581
TC0570,TC0571
TC0570,TC0572
TC0571,TC0572
TC0574,TC0575
TC0574,TC0576
TC0574,TC0577
TC0575,TC0576
TC0575,TC0577
TC0576,TC0577
TC0577,TC0581
TC0578,TC0579
TC0578,TC0580
TC0578,TC0581
TC0579,TC0580
TC0579,TC0581
TC0580,TC0581
TC0582,TC0585
TC0582,TC0587
TC0583,TC0585
TC0613,TC0617
TC0620,TC0621
TC0620,TC0622
TC0625,TC0626
TC0625,TC0627
TC0626,TC0627
TC0649,TC0650
TC0649,TC0651
TC0649,TC0652
TC0649,TC0653
TC0649,TC0654
TC0649,TC0655
TC0650,TC0651
TC0653,TC0654
TC0653,TC0655
TC0654,TC0655
TC0677,TC0678
TC0677,TC0679
TC0678,TC0679
TC0695,TC0696
TC0700,TC0702
TC0706,TC0707
TC0712,TC0713
TC0724,TC0725
TC0729,TC0730
TC0741,TC0749
TC0753,TC0755
TC0754,TC0755
TC0754,TC0767
TC0754,TC0771
TC0772,TC0773
TC0777,TC0778
TC0783,TC0789
TC0784,TC0789
TC0785,TC0786
TC0785,TC0787
TC0785,TC0788
TC0785,TC0789
TC0786,TC0787
TC0786,TC0788
TC0786,TC0789
TC0787,TC0788
TC0787,TC0789
TC0788,TC0789
TC0792,TC0793
TC0792,TC0794
TC0793,TC0794
TC0795,TC0796
TC0795,TC0799
TC0796,TC0797
TC0796,TC0798
TC0797,TC0798
TC0800,TC0801
TC0812,TC0813
TC0812,TC0814
TC0813,TC0814
TC0822,TC0823
TC0822,TC0825
TC0822,TC0826
TC0823,TC0827
TC0823,TC0829
TC0823,TC0831
TC0826,TC0831
TC0839,TC0840
TC0850,TC0854
TC0851,TC0852
TC0852,TC0853
TC0860,TC0861
TC0860,TC0862
TC0861,TC0862
TC0864,TC0865
TC0867,TC0870
TC0900,TC0901
TC0990,TC0991
TC0992,TC0993
TC0995,TC0996
TC0999,TC1003
TC0999,TC1007
TC1006,TC1026
TC1011,TC1012
TC1018,TC1020
TC1020,TC1026
TC1021,TC1038
TC1021,TC1039
TC1024,TC1026
TC1029,TC1031
TC1038,TC1039
TC1042,TC1044
TC1048,TC1049
TC1048,TC1052
TC1049,TC1052
TC1051,TC1052
TC1067,TC1083
TC1067,TC1085
TC1074,TC1099
TC1074,TC1100
TC1074,TC1101
TC1074,TC1108
TC1075,TC1076
TC1086,TC1101
TC1093,TC1094
TC1099,TC1100
TC1099,TC1101
TC1099,TC1105
TC1099,TC1108
TC1100,TC1101
TC1100,TC1105
TC1100,TC1107
TC1100,TC1108
TC1101,TC1105
TC1101,TC1108
TC1105,TC1107
TC1114,TC1118
TC1119,TC1120
TC1121,TC1134
TC1141,TC1142
TC1141,TC1143
TC1141,TC1144
TC1142,TC1143
TC1142,TC1144
TC1143,TC1144
TC1145,TC1146
TC1145,TC1148
TC1145,TC1149
TC1146,TC1148
TC1146,TC1149
TC1147,TC1150
TC1147,TC1153
TC1147,TC1154
TC1148,TC1149
TC1148,TC1150
TC1149,TC1150
TC1150,TC1153
TC1150,TC1154
TC1153,TC1154
TC1167,TC1168
TC1167,TC1170
TC1170,TC1171
TC1198,TC1199
TC1219,TC1220
TC1219,TC1221
TC1220,TC1221
TC1225,TC1227
TC1225,TC1229
TC1225,TC1231
TC1225,TC1236
TC1225,TC1237
TC1227,TC1229
TC1227,TC1231
TC1227,TC1236
TC1227,TC1237
TC1229,TC1231
TC1229,TC1236
TC1229,TC1237
TC1231,TC1236
TC1231,TC1237
TC1232,TC1233
TC1236,TC1237
TC1243,TC1244
TC1254,TC1255
TC1263,TC1265
TC1270,TC1271
TC1275,TC1276
TC1277,TC1278
TC1285,TC1286
TC1291,TC1292
TC1294,TC1295
TC1300,TC1301
TC1300,TC1314
TC1300,TC1322
TC1300,TC1328
TC1301,TC1314
TC1301,TC1322
TC1301,TC1328
TC1314,TC1321
TC1314,TC1322
TC1314,TC1328
TC1315,TC1316
TC1315,TC1331
TC1316,TC1331
TC1317,TC1324
TC1318,TC1323
TC1319,TC1322
TC1319,TC1323
TC1319,TC1324
TC1319,TC1325
TC1320,TC1322
TC1320,TC1323
TC1320,TC1324
TC1320,TC1325
TC1322,TC1323
TC1322,TC1324
TC1322,TC1325
TC1322,TC1328
TC1323,TC1324
TC1323,TC1325
TC1324,TC1325
TC1329,TC1330
TC1329,TC1331
TC1330,TC1331
TC1339,TC1340
TC1339,TC1597
TC1340,TC1597
TC1341,TC1343
TC1341,TC1613
TC1343,TC1613
TC1351,TC1352
TC1351,TC1353
TC1351,TC1354
TC1351,TC1355
TC1352,TC1353
TC1352,TC1354
TC1352,TC1355
TC1353,TC1354
TC1353,TC1355
TC1353,TC1365
TC1354,TC1355
TC1357,TC1358
TC1357,TC1359
TC1357,TC1360
TC1358,TC1359
TC1358,TC1360
TC1359,TC1360
TC1362,TC1656
TC1364,TC1365
TC1370,TC1371
TC1370,TC1373
TC1370,TC1374
TC1370,TC1385
TC1370,TC1389
TC1370,TC1391
TC1370,TC1392
TC1370,TC1393
TC1370,TC1397
TC1370,TC1398
TC1370,TC1406
TC1371,TC1372
TC1371,TC1375
TC1371,TC1387
TC1371,TC1389
TC1371,TC1391
TC1371,TC1394
TC1371,TC1397
TC1371,TC1398
TC1371,TC1406
TC1372,TC1375
TC1372,TC1394
TC1373,TC1374
TC1373,TC1392
TC1373,TC1393
TC1374,TC1392
TC1374,TC1393
TC1375,TC1394
TC1379,TC1380
TC1379,TC1381
TC1379,TC1382
TC1380,TC1381
TC1380,TC1382
TC1381,TC1382
TC1385,TC1389
TC1385,TC1391
TC1385,TC1392
TC1385,TC1393
TC1387,TC1389
TC1387,TC1391
TC1387,TC1394
TC1389,TC1391
TC1389,TC1392
TC1389,TC1393
TC1389,TC1394
TC1391,TC1392
TC1391,TC1393
TC1391,TC1394
TC1392,TC1393
TC1392,TC1394
TC1393,TC1394
TC1397,TC1398
TC1401,TC1402
TC1401,TC1410
TC1401,TC1411
TC1401,TC1413
TC1401,TC1414
TC1403,TC1404
TC1408,TC1409
TC1410,TC1411
TC1413,TC1414
TC1418,TC1419
TC1418,TC1420
TC1419,TC1420
TC1427,TC1438
TC1428,TC1430
TC1428,TC1433
TC1428,TC1434
TC1428,TC1436
TC1428,TC1438
TC1430,TC1433
TC1430,TC1434
TC1430,TC1436
TC1430,TC1438
TC1433,TC1434
TC1433,TC1436
TC1433,TC1438
TC1434,TC1436
TC1434,TC1438
TC1436,TC1438
TC1439,TC1440
TC1463,TC1464
TC1463,TC1465
TC1482,TC1503
TC1483,TC1484
TC1485,TC1486
TC1499,TC1500
TC1505,TC1507
TC1506,TC1507
TC1517,TC1527
TC1540,TC1542
TC1552,TC1555
TC1552,TC1558
TC1553,TC1554
TC1555,TC1558
TC1557,TC1558
TC1582,TC1583
TC1582,TC1585
TC1586,TC1587
TC1626,TC1627
TC1646,TC1647
TC1646,TC1648
TC1646,TC1649
TC1646,TC1650
TC1647,TC1648
TC1647,TC1649
TC1647,TC1650
TC1648,TC1649
TC1648,TC1650
TC1649,TC1650
TC1692,TC1693
TC1692,TC1694
TC1693,TC1694
TC1698,TC1699
TC1716,TC1718
